Next Draw Date,dn_1,dn_2,dn_3,dn_4,dn_5,grand_number
2026-07-16,8,16,25,34,42,4
2026-07-13,8,17,25,34,42,4
2026-07-09,8,17,25,33,42,4
2026-06-25,8,17,25,33,42,4
2026-06-22,8,17,25,33,42,4
2026-06-18,8,17,26,34,42,4
2026-06-15,8,17,25,34,42,4
2026-06-08,8,16,26,34,42,4
2026-06-04,8,17,25,34,42,4
2026-06-01,8,17,25,33,42,4
2026-05-28,8,17,25,34,42,4
2026-05-25,8,17,24,33,42,4
2026-05-21,8,17,25,34,42,4
2026-05-14,8,17,25,33,42,4
2026-05-11,8,17,26,33,42,4
2026-05-07,8,17,25,34,42,4
2026-04-30,8,17,25,34,43,4
2026-04-27,8,17,25,34,42,4
2026-04-23,8,17,25,33,42,4
2026-04-20,8,17,25,33,43,4
2026-04-16,8,17,25,34,42,4
2026-04-09,8,17,25,33,42,4
2026-07-02,8,17,25,34,42,4
2026-06-29,8,16,25,34,42,4
2026-07-06,8,17,25,33,42,4
2026-06-11,8,16,25,33,42,3
2026-05-18,8,16,25,32,42,3
2026-05-04,8,16,25,33,42,3
2026-04-13,7,16,24,33,42,3
2026-03-23,7,17,25,33,42,3
2026-03-02,8,16,25,33,42,3
2026-02-05,8,16,24,33,42,3
2026-02-02,8,16,25,33,42,3
2026-01-29,7,16,25,34,42,3
2026-01-26,8,16,25,33,42,3
2026-01-19,8,17,24,33,42,3
2026-01-12,7,17,24,33,42,3
2025-08-11,7,14,23,37,42,7
2025-08-07,7,14,23,34,42,2
2025-08-04,7,17,23,34,47,2
2025-07-17,7,12,17,34,42,2
2025-07-14,7,14,27,34,47,2
2025-07-10,7,14,23,33,42,2
2025-07-07,12,18,27,34,42,2
2025-07-03,7,17,27,37,42,2
2025-06-30,2,21,32,36,43,27
2025-06-26,2,17,22,26,48,2
2025-06-23,2,16,20,42,47,2
